<?xml version="1.0" encoding="UTF-8" standalone="yes"?>
<resourceDescriptor critical="false"
	description="Optional free plugin which allows Cameo Simulation Toolkit to export, serve and use UI mockups and control simulation on a web browser of any remote devices."
	homePage="http://www.nomagic.com"
	id="1712"
	date="2020-02-21"
	mdVersionMin="19.0 SP4"
	mdVersionMax="higher"
	name="Web Server for Cameo Simulation Toolkit"
	product="Web Server for Cameo Simulation Toolkit"
	restartMagicdraw="true"
	type="Plugin">

	<version human="19.0 SP4" internal="1900010" resource="19000104" />

	<provider name="No Magic" />

	<edition>Enterprise</edition>

	<edition>Architect</edition>

	<edition>Professional Java</edition>

	<edition>Professional C++</edition>

	<edition>Professional C#</edition>

	<edition>Professional ArcStyler</edition>

	<edition>Professional EFFS ArcStyler</edition>

	<edition>OptimalJ</edition>

	<edition>Standard</edition>

	<!--<edition>Reader</edition> -->

	<installation>

		<file
			from="plugins/com.nomagic.magicdraw.simulation.webserver/lib/ws/activation-1.1.jar"
			to="plugins/com.nomagic.magicdraw.simulation.webserver/lib/ws/activation-1.1.jar"
		/>
		<file
			from="plugins/com.nomagic.magicdraw.simulation.webserver/lib/ws/asm-3.1.jar"
			to="plugins/com.nomagic.magicdraw.simulation.webserver/lib/ws/asm-3.1.jar"
		/>
		<file
			from="plugins/com.nomagic.magicdraw.simulation.webserver/lib/ws/asm-commons-3.1.jar"
			to="plugins/com.nomagic.magicdraw.simulation.webserver/lib/ws/asm-commons-3.1.jar"
		/>
		<file
			from="plugins/com.nomagic.magicdraw.simulation.webserver/lib/ws/asm-tree-3.1.jar"
			to="plugins/com.nomagic.magicdraw.simulation.webserver/lib/ws/asm-tree-3.1.jar"
		/>
		<file
			from="plugins/com.nomagic.magicdraw.simulation.webserver/lib/ws/geronimo-annotation_1.0_spec-1.1.1.jar"
			to="plugins/com.nomagic.magicdraw.simulation.webserver/lib/ws/geronimo-annotation_1.0_spec-1.1.1.jar"
		/>
		<file
			from="plugins/com.nomagic.magicdraw.simulation.webserver/lib/ws/geronimo-jaspic_1.0_spec-1.0.jar"
			to="plugins/com.nomagic.magicdraw.simulation.webserver/lib/ws/geronimo-jaspic_1.0_spec-1.0.jar"
		/>
		<file
			from="plugins/com.nomagic.magicdraw.simulation.webserver/lib/ws/geronimo-jta_1.1_spec-1.1.1.jar"
			to="plugins/com.nomagic.magicdraw.simulation.webserver/lib/ws/geronimo-jta_1.1_spec-1.1.1.jar"
		/>
		<file
			from="plugins/com.nomagic.magicdraw.simulation.webserver/lib/ws/jettison-1.3.7.jar"
			to="plugins/com.nomagic.magicdraw.simulation.webserver/lib/ws/jettison-1.3.7.jar"
		/>
		<file
			from="plugins/com.nomagic.magicdraw.simulation.webserver/lib/ws/jetty-all-server-8.0.4.v20111024.jar"
			to="plugins/com.nomagic.magicdraw.simulation.webserver/lib/ws/jetty-all-server-8.0.4.v20111024.jar"
		/>
		<file
			from="plugins/com.nomagic.magicdraw.simulation.webserver/lib/ws/jetty-client-8.0.4.v20111024.jar"
			to="plugins/com.nomagic.magicdraw.simulation.webserver/lib/ws/jetty-client-8.0.4.v20111024.jar"
		/>
		<file
			from="plugins/com.nomagic.magicdraw.simulation.webserver/lib/ws/jetty-continuation-8.0.4.v20111024.jar"
			to="plugins/com.nomagic.magicdraw.simulation.webserver/lib/ws/jetty-continuation-8.0.4.v20111024.jar"
		/>
		<file
			from="plugins/com.nomagic.magicdraw.simulation.webserver/lib/ws/jetty-http-8.0.4.v20111024.jar"
			to="plugins/com.nomagic.magicdraw.simulation.webserver/lib/ws/jetty-http-8.0.4.v20111024.jar"
		/>
		<file
			from="plugins/com.nomagic.magicdraw.simulation.webserver/lib/ws/jetty-io-8.0.4.v20111024.jar"
			to="plugins/com.nomagic.magicdraw.simulation.webserver/lib/ws/jetty-io-8.0.4.v20111024.jar"
		/>
		<file
			from="plugins/com.nomagic.magicdraw.simulation.webserver/lib/ws/jetty-jndi-8.0.4.v20111024.jar"
			to="plugins/com.nomagic.magicdraw.simulation.webserver/lib/ws/jetty-jndi-8.0.4.v20111024.jar"
		/>
		<file
			from="plugins/com.nomagic.magicdraw.simulation.webserver/lib/ws/jetty-plus-8.0.4.v20111024.jar"
			to="plugins/com.nomagic.magicdraw.simulation.webserver/lib/ws/jetty-plus-8.0.4.v20111024.jar"
		/>
		<file
			from="plugins/com.nomagic.magicdraw.simulation.webserver/lib/ws/jetty-security-8.0.4.v20111024.jar"
			to="plugins/com.nomagic.magicdraw.simulation.webserver/lib/ws/jetty-security-8.0.4.v20111024.jar"
		/>
		<file
			from="plugins/com.nomagic.magicdraw.simulation.webserver/lib/ws/jetty-server-8.0.4.v20111024.jar"
			to="plugins/com.nomagic.magicdraw.simulation.webserver/lib/ws/jetty-server-8.0.4.v20111024.jar"
		/>
		<file
			from="plugins/com.nomagic.magicdraw.simulation.webserver/lib/ws/jetty-servlet-8.0.4.v20111024.jar"
			to="plugins/com.nomagic.magicdraw.simulation.webserver/lib/ws/jetty-servlet-8.0.4.v20111024.jar"
		/>
		<file
			from="plugins/com.nomagic.magicdraw.simulation.webserver/lib/ws/jetty-util-8.0.4.v20111024.jar"
			to="plugins/com.nomagic.magicdraw.simulation.webserver/lib/ws/jetty-util-8.0.4.v20111024.jar"
		/>
		<file
			from="plugins/com.nomagic.magicdraw.simulation.webserver/lib/ws/jetty-webapp-8.0.4.v20111024.jar"
			to="plugins/com.nomagic.magicdraw.simulation.webserver/lib/ws/jetty-webapp-8.0.4.v20111024.jar"
		/>
		<file
			from="plugins/com.nomagic.magicdraw.simulation.webserver/lib/ws/jetty-xml-8.0.4.v20111024.jar"
			to="plugins/com.nomagic.magicdraw.simulation.webserver/lib/ws/jetty-xml-8.0.4.v20111024.jar"
		/>
		<file
			from="plugins/com.nomagic.magicdraw.simulation.webserver/lib/ws/mail-1.4.1.jar"
			to="plugins/com.nomagic.magicdraw.simulation.webserver/lib/ws/mail-1.4.1.jar"
		/>
		<file
			from="plugins/com.nomagic.magicdraw.simulation.webserver/lib/ws/servlet-api-3.0.20100224.jar"
			to="plugins/com.nomagic.magicdraw.simulation.webserver/lib/ws/servlet-api-3.0.20100224.jar"
		/>
		<file
			from="plugins/com.nomagic.magicdraw.simulation.webserver/lib/ws/slf4j-api-1.6.1.jar"
			to="plugins/com.nomagic.magicdraw.simulation.webserver/lib/ws/slf4j-api-1.6.1.jar"
		/>
		<file
			from="plugins/com.nomagic.magicdraw.simulation.webserver/lib/ws/stax-api-1.0.1.jar"
			to="plugins/com.nomagic.magicdraw.simulation.webserver/lib/ws/stax-api-1.0.1.jar"
		/>
		<file
			from="plugins/com.nomagic.magicdraw.simulation.webserver/plugin.xml"
			to="plugins/com.nomagic.magicdraw.simulation.webserver/plugin.xml"
		/>
		<file
			from="plugins/com.nomagic.magicdraw.simulation.webserver/simulation_ws.jar"
			to="plugins/com.nomagic.magicdraw.simulation.webserver/simulation_ws.jar"
		/>
		<file
			from="plugins/com.nomagic.magicdraw.simulation.webserver/simulation_ws_api.jar"
			to="plugins/com.nomagic.magicdraw.simulation.webserver/simulation_ws_api.jar"
		/>


	</installation>

</resourceDescriptor>